{
  "target_layer": "culvert",
  "conversion_settings": {
    "use_snapping": true,
    "snapping_distance": 0.5,
    "create_connection_nodes": true
  },
  "fields": {
    "id": {
      "method": "auto"
    },
    "code": {
      "method": "source_attribute",
      "source_attribute": "kdu_identificatie",
      "default_value": "duiker (kdu id onbekend)"
    },
    "display_name": {
      "method": "ignore"
    },
    "exchange_type": {
      "method": "source_attribute",
      "source_attribute": "kdu_open",
      "value_map": {
        "ja": "102",
        "nee": "101"
      }
    },
    "discharge_coefficient_positive": {
      "method": "default",
      "default_value": 0.8
    }
  }
}
