[
    {
      "key": 20000005,
      "expiry": "2024-12-03",
      "title": "New 3Di database schema",
      "image-url": "https://nelen-schuurmans.nl/uploads/3Di-logo_beeldmerk_RGB.png",
      "content": "<p>We are currently working on a large overhaul of the schematisation Spatialite. We will switch to GeoPackage as file format. The database schema (table names and column names) will also be redesigned.</p><p>The new database schema will be released to all users on January 28th, 2025. In the meantime, you can prepare yourself for any changes to your workflow. Also make sure to update any SQL or Python scripts that interact with the schematisation.</p>Double-click this message for more information.",
      "link": "https://docs.3di.live/h_schema_300.html",
      "sticky": false
    },
    {
      "key": 20000006,
      "expiry": "2024-12-31",
      "title": "New 3Di database schema",
      "image-url": "https://nelen-schuurmans.nl/uploads/3Di-logo_beeldmerk_RGB.png",
      "content": "<p>We are currently working on a large overhaul of the schematisation Spatialite. We will switch to GeoPackage as file format. The database schema (table names and column names) will also be redesigned.</p><p>The new database schema will be released to all users on January 28th, 2025. In the meantime, you can prepare yourself for any changes to your workflow. Also make sure to update any SQL or Python scripts that interact with the schematisation.</p>Double-click this message for more information.",
      "link": "https://docs.3di.live/h_schema_300.html",
      "sticky": false
    }
]